{
    "model_type": [
        "SimpleLSTM",
        "StressClassifierWithFusion",
        "TCN_net"
    ],
    "scores": [
        {
            "accuracy_test": [
                0.7534039334341907,
                0.6727605118829981,
                0.6678635547576302,
                0.6984126984126984,
                0.7806215722120659
            ],
            "f1_test": [
                0.7563527653213752,
                0.6919104991394148,
                0.6782608695652174,
                0.7173553719008264,
                0.7628458498023716
            ],
            "recall_test": [
                0.7737003058103975,
                0.7556390977443609,
                0.693950177935943,
                0.7805755395683454,
                0.7782258064516129
            ],
            "precision_test": [
                0.7397660818713451,
                0.638095238095238,
                0.6632653061224489,
                0.6636085626911316,
                0.748062015503876
            ],
            "accuracy_train": [
                0.7037871956717764,
                0.7697255574614065,
                0.7631352282515074,
                0.7660034602076125,
                0.7555746140651801
            ],
            "f1_train": [
                0.7004103967168263,
                0.7794661190965092,
                0.7625215889464594,
                0.77579776212184,
                0.765625
            ],
            "recall_train": [
                0.7157502329916123,
                0.8368606701940036,
                0.7890974084003575,
                0.8342245989304813,
                0.8081597222222222
            ],
            "precision_train": [
                0.6857142857142857,
                0.7294388931591084,
                0.7376775271512114,
                0.7250193648334624,
                0.72734375
            ]
        },
        {
            "accuracy_test": [
                0.7518910741301059,
                0.6873857404021938,
                0.6193895870736086,
                0.654320987654321,
                0.7586837294332724
            ],
            "f1_test": [
                0.7623188405797101,
                0.7005253940455342,
                0.6513157894736842,
                0.6869009584664537,
                0.7555555555555555
            ],
            "recall_test": [
                0.8042813455657493,
                0.7518796992481203,
                0.7046263345195729,
                0.7733812949640287,
                0.8225806451612904
            ],
            "precision_test": [
                0.7245179063360881,
                0.6557377049180327,
                0.6055045871559633,
                0.617816091954023,
                0.6986301369863014
            ],
            "accuracy_train": [
                0.7015329125338142,
                0.7109777015437393,
                0.8337639965546942,
                0.7318339100346021,
                0.70926243567753
            ],
            "f1_train": [
                0.7149009474590869,
                0.7186978297161937,
                0.8356047700170358,
                0.7403685092127303,
                0.7334905660377359
            ],
            "recall_train": [
                0.7735321528424977,
                0.7592592592592593,
                0.8766756032171582,
                0.7878787878787878,
                0.8098958333333334
            ],
            "precision_train": [
                0.6645316253002402,
                0.6822503961965135,
                0.7982099267697315,
                0.69826224328594,
                0.6702586206896551
            ]
        },
        {
            "accuracy_test": [
                0.7503782148260212,
                0.6654478976234004,
                0.6427289048473968,
                0.6684303350970018,
                0.7605118829981719
            ],
            "f1_test": [
                0.7577092511013216,
                0.659217877094972,
                0.6539130434782608,
                0.6845637583892618,
                0.7385229540918163
            ],
            "recall_test": [
                0.7889908256880734,
                0.6654135338345865,
                0.6690391459074733,
                0.7338129496402878,
                0.7459677419354839
            ],
            "precision_test": [
                0.7288135593220338,
                0.6531365313653137,
                0.6394557823129252,
                0.6415094339622641,
                0.7312252964426877
            ],
            "accuracy_train": [
                0.718214607754734,
                0.766295025728988,
                0.7713178294573644,
                0.7491349480968859,
                0.7405660377358491
            ],
            "f1_train": [
                0.725516029863856,
                0.7635574837310195,
                0.7725910064239828,
                0.7548605240912933,
                0.7454774926377787
            ],
            "recall_train": [
                0.7698042870456664,
                0.7760141093474426,
                0.8060768543342269,
                0.7959001782531194,
                0.7690972222222222
            ],
            "precision_train": [
                0.686046511627907,
                0.7514944491887275,
                0.7417763157894737,
                0.7178456591639871,
                0.723265306122449
            ]
        }
    ]
}